proc_id,proc_name,proc_category
1079004305,"CRANIOTOMY, WHILE AWAKE",AwakeCrani
1079003107,"BIOPSY, BRAIN, OPEN",BiopsyBrain
1079003269,"BIOPSY, BRAIN, STEREOTACTIC, USING COMPUTER-ASSISTED NAVIGATION",BiopsyBrain
1079003734,"BIOPSY, BRAIN, USING COSMAN-ROBERTS-WELLS FRAME, WITH STEREOTACTIC COMPUTED TOMOGRAPHY GUIDANCE",BiopsyBrain
1079002732,"CRANIOTOMY, FOR BIOPSY",BiopsyBrain
1079000576,"CRANIOTOMY, WITH BRAIN BIOPSY USING COMPUTER-ASSISTED NAVIGATION",BiopsyBrain
1079002635,"BIOPSY, MUSCLE",BiopsyMuscleNerve
1079000301,"BIOPSY, MUSCLE, LOWER EXTREMITY",BiopsyMuscleNerve
1079000303,"BIOPSY, MUSCLE, UPPER EXTREMITY",BiopsyMuscleNerve
1079000307,"BIOPSY, NERVE, LOWER EXTREMITY",BiopsyMuscleNerve
1071180002,"ENDARTERECTOMY, CAROTID",Carotid
1079000654,"ENDARTERECTOMY, CAROTID",Carotid
M-10894,"ENDARTERECTOMY, CAROTID",Carotid
M-14214,"Endarterectomy, Carotid",Carotid
1079000145,"ABLATION, NERVE, LOWER EXTREMITY",CategoriesPG
1079000001,"ABLATION, NERVE, UPPER EXTREMITY",CategoriesPG
1079000754,"DECOMPRESSION, NERVE, HEAD AND NECK REGION",CategoriesPG
1079000755,"DECOMPRESSION, NERVE, LOWER EXTREMITY",CategoriesPG
1079000756,"DECOMPRESSION, NERVE, MEDIAN",CategoriesPG
1079000763,"DECOMPRESSION, NERVE, RADIAL",CategoriesPG
1079000764,"DECOMPRESSION, NERVE, ULNAR",CategoriesPG
M-14906,"DECOMPRESSION, NERVE, ULNAR",CategoriesPG
1079001751,"NEURECTOMY, LOWER EXTREMITY",CategoriesPG
1079001752,"NEURECTOMY, UPPER EXTREMITY",CategoriesPG
1079003498,"REPAIR, NERVE, HAND",CategoriesPG
1079002346,"TRANSPOSITION, NERVE, HEAD AND NECK REGION",CategoriesPG
1079000579,"CRANIOTOMY, WITH EPILEPTOGENIC FOCUS EXCISION",CraniEpilepsy
1079002719,CRANIECTOMY OR CRANIOTOMY,CraniNoS
M-6431,CRANIECTOMY OR CRANIOTOMY,CraniNoS
M-2752,Craniotomy,CraniNoS
1079000558,CRANIOTOMY,CraniNoS
1079000559,"CRANIOTOMY, ANTERIOR CRANIAL FOSSA",CraniNoS
1079002806,"CRANIOTOMY, ENDOSCOPIC, FOR CYST FENESTRATION",CraniNoS
1079000561,"CRANIOTOMY, FOR ABSCESS DRAINAGE",CraniNoS
1079000564,"CRANIOTOMY, FOR BRAIN DECOMPRESSION",CraniNoS
1079002726,"CRANIOTOMY, WITH DEPRESSED SKULL FRACTURE ELEVATION",CraniNoS
1079000582,"CRANIOTOMY, WITH INSERTION OF VENTRICULAR CATHETER WITH RESERVOIR",CraniNoS
1079000585,"CRANIOTOMY, WITH INTRACRANIAL NEOPLASM EXCISION",CraniNoS
1079000586,"CRANIOTOMY, WITH INTRACRANIAL NEOPLASM EXCISION USING COMPUTER-ASSISTED NAVIGATION",CraniNoS
1079002718,"CRANIOTOMY, WITH NEOPLASM EXCISION",CraniNoS
1079000557,CRANIOPLASTY,Cranioplasty
M-5730,Cranioplasty,Cranioplasty
1079001980,"REMOVAL, BONE FLAP, SKULL",Cranioplasty
1079002734,"CRANIOTOMY, FOR INTRACRANIAL NEOPLASM EXCISION",CraniTumorNotSkullBase
1079002722,"CRANIOTOMY, FOR LESION EXCISION",CraniTumorNotSkullBase
1079000569,"CRANIOTOMY, FOR MENINGIOMA",CraniTumorNotSkullBase
1079002736,"CRANIOTOMY, FOR SUBOCCIPITAL NEOPLASM",CraniTumorSkullBase
1079000571,"CRANIOTOMY, POSTERIOR CRANIAL FOSSA",CraniTumorSkullBase
1079002720,"CRANIOTOMY, WITH ACOUSTIC NEUROMA EXCISION",CraniTumorSkullBase
1079000938,"EXCISION, ACOUSTIC NEUROMA",CraniTumorSkullBase
4963,"SECONDARY REPAIR OF DURA FOR CEREBROSPINAL FLUID LEAK, ANTERIOR,MIDDLE OR POSTERIOR CRANIAL FOSSA FOLLOWING SURGERY OF THE SKULL BASE; BY LOCAL OR REGIONALIZED VASCULARIZED PEDICLE FLAP OR MYOCUTANEO",CraniTumorSkullBase
M-3645,"SECONDARY REPAIR OF DURA FOR CEREBROSPINAL FLUID LEAK, ANTERIOR,MIDDLE OR POSTERIOR CRANIAL FOSSA FOLLOWING SURGERY OF THE SKULL BASE; BY LOCAL OR REGIONALIZED VASCULARIZED PEDICLE FLAP OR MYOCUTANEO",CraniTumorSkullBase
1079004176,"SURGICAL EXPOSURE, MIDDLE CRANIAL FOSSA, INFRATEMPORAL PREAURICULAR APPROACH",CraniTumorSkullBase
1079003256,"SURGICAL PROCEDURE, SKULL, BASE",CraniTumorSkullBase
1079000562,"CRANIOTOMY, FOR ANEURYSM REPAIR",CraniVessel
1079000563,"CRANIOTOMY, FOR ARTERIOVENOUS MALFORMATION",CraniVessel
1079002733,"CRANIOTOMY, FOR ARTERIOVENOUS MALFORMATION RESECTION",CraniVessel
1079000565,"CRANIOTOMY, FOR CAVERNOUS MALFORMATION",CraniVessel
1079002731,"CRANIOTOMY, WITH ANEURYSM CLIPPING",CraniVessel
1079002725,"CRANIOTOMY, WITH EDAS BYPASS CREATION",CraniVessel
1079000583,"CRANIOTOMY, WITH INTRACRANIAL ARTERY BYPASS CREATION",CraniVessel
1079002739,ENCEPHALODUROARTERIOSYNANGIOSIS,CraniVessel
1079003431,"CRANIOTOMY, WITH ELECTRODE LEAD INSERTION",ElectrodeLeadPlacement
1079000588,"CRANIOTOMY, WITH NEUROSTIMULATOR ELECTRODE LEAD INSERTION",ElectrodeLeadPlacement
1079003267,"INSERTION, ELECTRODE LEAD, DEEP BRAIN STIMULATOR, STAGE 1, STEREOTACTIC",ElectrodeLeadPlacement
1079001270,"INSERTION, ELECTRODE LEAD, NEUROSTIMULATOR, CRANIAL NERVE",ElectrodeLeadPlacement
1079001274,"INSERTION, ELECTRODE LEAD, NEUROSTIMULATOR, PERIPHERAL, HEAD AND NECK REGION",ElectrodeLeadPlacement
1079003277,"REMOVAL, DEPTH ELECTRODE LEAD, WITH STEREOTACTIC GUIDANCE",ElectrodeRemoval
1079002001,"REMOVAL, ELECTRODE LEAD, EEG, CRANIOTOMY APPROACH",ElectrodeRemoval
1079002002,"REMOVAL, ELECTRODE LEAD, EEG, INTRACEREBRAL",ElectrodeRemoval
1079002534,"VENTRICULOSTOMY, ENDOSCOPIC, USING COMPUTER-ASSISTED NAVIGATION",ETV
M-10540,"VENTRICULOSTOMY, ENDOSCOPIC, USING COMPUTER-ASSISTED NAVIGATION",ETV
1079002811,"VENTRICULOSTOMY, THIRD VENTRICLE, ENDOSCOPIC",ETV
1079000568,"CRANIOTOMY, FOR HEMATOMA EVACUATION",EvacSubduralHematoma
1079000433,"CREATION, CRANIAL BURR HOLE",EvacSubduralHematoma
1079000434,"CREATION, CRANIAL BURR HOLE, WITH HEMATOMA EVACUATION",EvacSubduralHematoma
1079002714,"CREATION, CRANIAL BURR HOLE, WITH SUBDURAL HEMATOMA EVACUATION",EvacSubduralHematoma
1079000466,"CREATION, SHUNT, VENTRICULOATRIAL",EVDShuntAndRevision
1079002860,"EXTERNALIZATION, SHUNT, VENTRICULOPERITONEAL",EVDShuntAndRevision
1079001524,"INSERTION, SHUNT, LUMBOPERITONEAL",EVDShuntAndRevision
1079001526,"INSERTION, SHUNT, PLEUROPERITONEAL",EVDShuntAndRevision
1079003360,"INSERTION, SHUNT, VENTRICULOATRIAL OR VENTRICULOPERITONEAL",EVDShuntAndRevision
1079001529,"INSERTION, SHUNT, VENTRICULOPERITONEAL",EVDShuntAndRevision
1079002858,"INSERTION, VENTRICULAR DRAIN, EXTERNAL",EVDShuntAndRevision
1079001856,"REMOVAL, SHUNT, VENTRICULOPERITONEAL",EVDShuntAndRevision
1079002132,"REVISION, PROCEDURE INVOLVING VENTRICULOPLEURAL SHUNT",EVDShuntAndRevision
1079003793,"REVISION, SHUNT, LUMBOPERITONEAL",EVDShuntAndRevision
1079002353,"REVISION, SHUNT, VENTRICULOATRIAL",EVDShuntAndRevision
1079002354,"REVISION, SHUNT, VENTRICULOPERITONEAL",EVDShuntAndRevision
1079002766,"INSERTION, REMOVAL, OR REPLACEMENT, PULSE GENERATOR, DEEP BRAIN STIMULATOR",IPGPlacementBatteryChange
1079000237,"ARTHROTOMY, HIP",MiscellaneousOther
1079000322,"BIOPSY, SKIN, LOWER EXTREMITY",MiscellaneousOther
1079000390,"BRONCHOSCOPY, RIGID",MiscellaneousOther
1079000497,"CLOSURE, SURGICAL WOUND, ABDOMEN",MiscellaneousOther
1079003744,"EXPLORATION AND EVACUATION, WOUND",MiscellaneousOther
1079001190,"EXPLORATION, WOUND, HEAD AND NECK REGION",MiscellaneousOther
1079003814,"INJECTION, THERAPEUTIC AGENT, CAUDAL, EPIDURAL",MiscellaneousOther
1079002767,"INSERTION, REMOVAL, OR REPLACEMENT, ELECTRODE LEAD, DEEP BRAIN STIMULATOR",MiscellaneousOther
1079003589,"INSERTION, VAGUS NERVE STIMULATOR",MiscellaneousOther
1079002039,"REMOVAL, HARDWARE, HEAD",MiscellaneousOther
1079003195,"REPAIR, DEFECT, CRANIUM",MiscellaneousOther
1079003236,"REPAIR, WOUND, SCALP",MiscellaneousOther
1079003870,"CREATION, LESION, SUBCORTICAL BRAIN STRUCTURES, STEREOTACTIC",MRIAblation
1079003433,"CRANIECTOMY, SUBOCCIPITAL, FOR DECOMPRESSION OF CRANIAL NERVE",MVD
1079002715,"CRANIECTOMY, SUBOCCIPITAL, WITH MICROVASCULAR DECOMPRESSION OF CRANIAL NERVE",MVD
1079003463,"EXCISION, NEOPLASM, PITUITARY, ENDOSCOPIC, TRANSSPHENOIDAL APPROACH",PituitaryTSA
1079001138,"EXCISION, NEOPLASM, PITUITARY, TRANSSPHENOIDAL APPROACH, USING COMPUTER-ASSISTED NAVIGATION",PituitaryTSA
1079002069,"RESECTION, NEOPLASM, PITUITARY, ENDOSCOPIC, TRANSSPHENOIDAL APPROACH",PituitaryTSA
1079001221,"INJECTION, THERAPEUTIC AGENT, SPINE, LUMBAR, EPIDURAL",PumpSCSPlacementRevision
1079001250,"INSERTION, CATHETER, INTRATHECAL, WITH PUMP",PumpSCSPlacementRevision
1079003402,"INSERTION, INTRATHECAL BACLOFEN PUMP",PumpSCSPlacementRevision
1079003332,"INSERTION, NEUROSTIMULATOR, PERCUTANEOUS, FOR TRIAL",PumpSCSPlacementRevision
1079003610,"INSERTION, NEUROSTIMULATOR, SACRAL",PumpSCSPlacementRevision
1079001506,"INSERTION, NEUROSTIMULATOR, SPINAL CORD",PumpSCSPlacementRevision
1079003730,"INSERTION, REMOVAL, OR REPLACEMENT, SPINAL CORD STIMULATOR, LUMBAR",PumpSCSPlacementRevision
1079002061,"REMOVAL, NEUROSTIMULATOR, SPINAL",PumpSCSPlacementRevision
1079003178,"REMOVAL, RESERVOIR, PORT, OR PUMP",PumpSCSPlacementRevision
1079003403,"REPLACEMENT, BACLOFEN PUMP, INTRATHECAL",PumpSCSPlacementRevision
1079003629,"REPLACEMENT, PULSE GENERATOR, VAGUS NERVE STIMULATOR",PumpSCSPlacementRevision
1079004308,"RHIZOTOMY, PERCUTANEOUS",Rhizotomy
1079000767,"DECOMPRESSION, SPINAL CORD",Spine
1079000768,"DECOMPRESSION, SPINE, WITH INSTRUMENTATION",Spine
1079003423,"DISCECTOMY, SPINE, CERVICAL, 1 LEVEL, ANTERIOR APPROACH, WITH FUSION USING BONE GRAFT",Spine
1079001046,"FUSION, SPINE, CERVICAL, POSTERIOR APPROACH",Spine
1079003154,"FUSION, SPINE, POSTERIOR APPROACH, WITH INSTRUMENTATION",Spine
1079002991,"LAMINECTOMY, SPINE",Spine
1079002681,"LAMINECTOMY, SPINE, CERVICAL, FOR NEOPLASM",Spine
1079001574,"LAMINECTOMY, SPINE, CERVICAL, OPEN",Spine
1079003561,"LAMINECTOMY, SPINE, LUMBAR",Spine
1079001581,"LAMINECTOMY, SPINE, LUMBAR, OPEN",Spine
1079001586,"LAMINECTOMY, SPINE, THORACIC, OPEN",Spine
1079003559,"LAMINOTOMY, SPINE, LUMBAR, WITH DISCECTOMY",Spine
1079003705,"LAMINOTOMY, SPINE, THORACOLUMBAR, USING METRX SYSTEM, WITH DISCECTOMY, FORAMINOTOMY, OR DECOMPRESSION IF INDICATED",Spine
VDB0001,Distal gastrectomy,Stomach
VDB0002,Lung lobectomy,Major resection
VDB0003,Cholecystectomy,Biliary/Pancreas
VDB0004,Kidney transplantation,Transplantation
VDB0005,Anterior resection,Colorectal
VDB0006,Ligation and stripping,Vascular
VDB0007,Breast-conserving surgery,Breast
VDB0008,Thyroid lobectomy,Thyroid
VDB0009,Hernia repair,Colorectal
VDB0010,Total thyroidectomy,Thyroid
VDB0011,Pylorus preserving gastrectomy,Stomach
VDB0012,Hemicolectomy,Colorectal
VDB0013,Liver transplantation,Transplantation
VDB0014,Donor hepatectomy,Transplantation
VDB0015,Low anterior resection,Colorectal
VDB0016,Ileostomy repair,Colorectal
VDB0017,Incisional hernia repair,Colorectal
VDB0018,Total gastrectomy,Stomach
VDB0019,Radical prostatectomy,Major resection
VDB0020,Pylorus preserving pancreaticoduodenectomy,Biliary/Pancreas
VDB0021,Donor nephrectomy,Transplantation
VDB0022,Lung wedge resection,Minor resection
VDB0023,Hemihepatectomy,Hepatic
VDB0024,Diagnostic laparoscopy,Others
VDB0025,Ovarian cystectomy,Major resection
VDB0026,Fistulectomy,Colorectal
VDB0027,Appendectomy,Colorectal
VDB0028,Subtotal gastrectomy,Stomach
VDB0029,Liver segmentectomy,Hepatic
VDB0030,Transurethral resection of bladder tumor,Minor resection
VDB0031,Bullectomy,Minor resection
VDB0032,Partial pancreatectomy,Biliary/Pancreas
VDB0033,Salpingo-oophorectomy,Minor resection
VDB0034,Extended cholecystectomy,Biliary/Pancreas
VDB0035,Arteriovenous fistula,Vascular
VDB0036,Gastric wedge resection,Stomach
VDB0037,Simple mastectomy,Breast
VDB0038,Radical hysterectomy,Major resection
VDB0039,Extended hemihepatectomy,Hepatic
VDB0040,Partial gastrectomy,Stomach
VDB0041,Total mastectomy,Breast
VDB0042,Liver sectionectomy,Hepatic
VDB0043,Esophagectomy,Others
VDB0044,Debridement of wound,Others
VDB0045,Lung sgmentectomy,Minor resection
VDB0046,Extended hemicolectomy,Colorectal
VDB0047,Exploratory laparotomy,Others
VDB0048,Thymectomy,Others
VDB0049,Aortoiliac bypass,Vascular
VDB0050,Endarterectomy,Vascular
VDB0051,Excision,Others
VDB0052,Myomectomy,Minor resection
VDB0053,Metastasectomy,Minor resection
VDB0054,Aneurysmal repair,Vascular
VDB0055,Splenectomy,Biliary/Pancreas
VDB0056,Cesarean section,Others
VDB0057,Pancreaticoduodenectomy,Biliary/Pancreas
VDB0058,Lung bilobectomy,Major resection
VDB0059,Bleeding control,Others
VDB0060,Nephrectomy,Major resection
VDB0061,Hysterectomy,Major resection
VDB0062,Parathyroidectomy,Thyroid
VDB0063,Transanal excision,Colorectal
VDB0064,Proximal gastrectomy,Stomach
VDB0065,Wide excision,Others
VDB0066,Ultralow anterior resection,Colorectal
VDB0067,Distal pancreatectomy,Biliary/Pancreas
VDB0068,Hemorrhoidectomy,Colorectal
VDB0069,Abdominoperineal resection,Colorectal
VDB0070,Excision,Breast
VDB0071,Lung transplantation,Transplantation
VDB0072,Hartmann procedure,Colorectal
VDB0073,Completion thyroidectomy,Thyroid
VDB0074,Removal of continuous ambulatory peritoneal dialysis catheter,Vascular
VDB0075,Colostomy,Colorectal
VDB0076,Biopsy,Minor resection
VDB0077,Adrenalectomy,Others
VDB0078,Extended hysterectomy,Major resection
VDB0079,Remnant total gastrectomy,Stomach
VDB0080,Pneumonectomy,Major resection
VDB0081,Thoracic sympathectomy,Others
VDB0082,Modified radical neck dissection,Others
VDB0083,Exploratory laparotomy,Major resection
VDB0084,Excision,Colorectal
VDB0085,Closure of wound,Others
VDB0086,Incision and drainage,Others
VDB0087,Adhesiolysis,Others
VDB0088,Endovascular aneurysmal repair,Vascular
VDB0089,Subtotal parathyroidectomy,Thyroid
VDB0090,Delorme's operation,Colorectal
VDB0091,Rectal prolapse operation,Colorectal
VDB0092,Aortorenal bypass,Vascular
VDB0093,Small bowel segmental resection,Stomach
VDB0094,Spleen preserving distal pancreatectomy,Biliary/Pancreas
VDB0095,Nephrectomy,Transplantation
VDB0096,Ileocecectomy,Colorectal
VDB0097,Resection of chest wall with reconstruction,Others
VDB0098,Transverse colectomy,Colorectal
VDB0099,Segmental resection of bile duct,Biliary/Pancreas
VDB0100,Excision,Biliary/Pancreas
VDB0101,Total proctocolectomy,Colorectal
VDB0102,Femoro-popliteal bypass,Vascular
VDB0103,Choledochal cyst excision,Biliary/Pancreas
VDB0104,Radical cystectomy,Major resection
VDB0105,Resection of popliteal artery,Vascular
VDB0106,Total colectomy,Colorectal
VDB0107,subtotal colectomy,Colorectal
VDB0108,Diagnostic laparoscopy,Minor resection
VDB0109,Hepatic hilar resection,Biliary/Pancreas
VDB0110,Debulking surgery,Others
VDB0111,Simultaneous pancreas-kidney transplantation,Transplantation
VDB0112,Inguinal lymph node dissection,Colorectal
VDB0113,Enucleation of pancreas,Biliary/Pancreas
VDB0114,Ivor Lewis operation,Others
VDB0115,Sleeve lobectomy,Major resection
VDB0116,Hepatic hilar resection,Hepatic
VDB0117,Vascular repair,Vascular
VDB0118,Debulking surgery,Major resection
VDB0119,Fistulectomy,Stomach
VDB0120,Transanal endoscopic microsurgery,Colorectal
VDB0121,McDonald operation,Others
VDB0122,Oophorectomy,Minor resection
VDB0123,Staging laparotomy,Minor resection
VDB0124,Pelvic tumorectomy,Major resection
VDB0125,Exploration of wound,Others
VDB0126,Lung segmentectomy,Minor resection
VDB0127,Radical excision of cervical lymph nodes,Others
VDB0128,Salpingectomy,Minor resection
VDB0129,Transverse loop colostomy,Colorectal
VDB0130,Decortication,Others
VDB0131,Biopsy,Others
VDB0132,Exploration,Others
VDB0133,Gastric bypass,Stomach
VDB0134,Peritoneal mass excision,Others
VDB0135,Plication,Others
VDB0136,Liver bisegmentectomy,Hepatic
VDB0137,Subtotal colectomy,Colorectal
VDB0138,Resection of rib,Others
VDB0139,Exploratory thoracotomy,Others
VDB0140,Transplantation of gracilis muscle,Colorectal
VDB0141,Thyroid isthmectomy,Thyroid
VDB0142,Mastectomy,Breast
VDB0143,Total pancreatectomy,Biliary/Pancreas
VDB0144,Gastrojejunostomy,Stomach
VDB0145,Paraaortic lymph node dissection,Others
VDB0146,Ileostomy,Colorectal
VDB0147,Embolectomy,Vascular
VDB0148,Ileocolectomy,Colorectal
VDB0149,Subtotal pancreatectomy,Biliary/Pancreas
VDB0150,Removal of complicated graft,Vascular
VDB0151,Cecectomy,Colorectal
VDB0152,Pleurodesis,Others
VDB0153,Lung wedge resection,Others
VDB0154,Radical prostatectomy,Stomach
VDB0155,Nephrectomy,Vascular
VDB0156,Reposition of continuous ambulatory peritoneal dialysis catheter,Stomach
VDB0157,Radical mastectomy,Breast
VDB0158,Radical cholecystectomy,Biliary/Pancreas
VDB0159,Percutaneous biopsy,Vascular
VDB0160,Incision and drainage,Colorectal
VDB0161,Staging operation,Minor resection
VDB0162,Total hysterectomy,Major resection
VDB0163,Segmental resection of colon,Colorectal
VDB0164,Marsupialization,Hepatic
VDB0165,Sternal fixation,Others
VDB0166,Excision,Minor resection
VDB0167,Closure of arteriovenous fistula,Vascular
VDB0168,Mediastinal lymph node dissection,Others
VDB0169,Insertion of continuous ambulatory peritoneal dialysis catheter,Stomach
VDB0170,Hernia repair,Others
VDB0171,Pancreatosplenectomy,Biliary/Pancreas
VDB0172,Colostomy repair,Colorectal
VDB0173,Total hysterectomy,Major resection
VDB0174,Vascular bypass,Vascular
VDB0175,Arteriovenous fistula thrombectomy,Vascular
VDB0176,Exploration of common bile duct,Biliary/Pancreas
VDB0177,Resection of sternum,Others
VDB0178,Lung wedge resection,Stomach
VDB0179,Removal of permanent catheter,Vascular
VDB0180,Wound revision,Others
VDB0181,Clagett procedure,Others
VDB0182,Nephroureterectomy,Major resection
VDB0183,Removal of Hickman catheter,Vascular
VDB0184,Total esophagectomy,Others
VDB0185,Elosser operation,Others
VDB0186,Radical parametrectomy,Major resection
VDB0187,Revision of small intestine anastomosis,Stomach
VDB0188,Hepaticojejunostomy,Biliary/Pancreas
VDB0189,Colostomy,Others
VDB0190,Empyemectomy,Minor resection
VDB0191,Completion mastectomy,Breast
VDB0192,Breast reconstruction,Breast
VDB0193,Median pancreatectomy,Biliary/Pancreas
VDB0194,Inguinal hernia,Colorectal
VDB0195,Sphincteroplasty,Colorectal
VDB0196,Axillary lymph node dissection,Breast
VDB0197,Biopsy,Colorectal
VDB0198,Selective neck dissection,Others
VDB0199,Radical excision of iliac lymph nodes,Colorectal
VDB0200,Revision of arteriovenous fistula,Vascular
VDB0201,Fundoplication,Others
VDB0202,Resection of inferior vena cava,Vascular
VDB0203,Cleaning of wound,Others
VDB0204,Diagnostic pelviscopy,Minor resection
VDB0205,Electrocauterization,Others
VDB0206,Hernia repair,Stomach
VDB0207,Modified Shirodkar operation,Others
VDB0208,Anal fistulotomy,Colorectal
VDB0209,Diverticulectomy,Others
VDB0210,Adrenalectomy,Major resection
VDB0211,Modified radical hysterectomy,Major resection
VDB0212,Excision,Stomach
VDB0213,Ovarian cancer staging operation,Major resection
VDB0214,Pericardial window operation,Others
VDB0215,Liver tumorectomy,Hepatic
VDB0216,Salpingo-oophorectomy,Colorectal
VDB0217,Choledochoscopic bile duct stone removal,Biliary/Pancreas
VDB0218,Removal of staples,Others
VDB0219,Internal mammary lymph node dissection,Others
VDB0220,Pleurectomy,Others
VDB0221,Regional lymph node dissection,Others
VDB0222,Extended total gastrectomy,Stomach
VDB0223,Ileostomy,Others
VDB0224,Transurethral resection of bladder tumor,Others
VDB0225,Incision of rectal stricture,Colorectal
VDB0226,Oophorectomy,Colorectal
VDB0227,Macroplastique injection,Minor resection
VDB0228,Transduodenal ampullectomy,Biliary/Pancreas
VDB0229,Sentinel lymph node mapping,Others
VDB0230,Intra-abdominal arterial bypass graft,Vascular
VDB0231,Feeding jejunostomy,Others
VDB0232,Gastrostomy,Stomach
VDB0233,Central pancreatectomy,Biliary/Pancreas
VDB0234,Pyeloplasty,Minor resection
VDB0235,Partial cystectomy,Major resection
VDB0236,Arteriovenous graft,Vascular
VDB0237,Rigid bronchoscopic excision,Others
VDB0238,Bleeding control,Vascular
VDB0239,Bile duct anastomosis,Biliary/Pancreas
VDB0240,Removal of foreign body,Others
VDB0241,Femoro-femoral bypass,Vascular
VDB0242,Vessel graft,Vascular
VDB0243,Radical trachelectomy,Major resection
VDB0244,Insertion of permanent catheter,Vascular
VDB0245,Enucleation of esophageal tumor,Others
VDB0246,Cervical esophagostomy,Others
VDB0247,Thyroglossal duct cyst excision,Others
VDB0248,Orchiectomy,Minor resection
VDB0249,Closure of bronchopleural fistula,Others
VDB0250,Fundoplication,Stomach
VDB0251,Pancreas transplantation,Transplantation
VDB0252,Hepatopancreaticoduodenectomy,Biliary/Pancreas
VDB0253,Pancreatic cystojejunostomy,Biliary/Pancreas
VDB0254,Orchiectomy,Colorectal
VDB0255,Rrectocele repair,Colorectal
VDB0256,Total hysterectomy,Colorectal
VDB0257,Rigid bronchoscopy,Others
VDB0258,Transposition of basilic vein for arteriovenous fistula,Vascular
VDB0259,Ampullectomy,Biliary/Pancreas
VDB0260,Pelvic tumorectomy,Others
VDB0261,Aortofemoral bypass,Vascular
VDB0262,Pancreaticojejunostomy,Biliary/Pancreas
VDB0263,Thoracoplasty,Others
VDB0264,Biopsy,Breast
VDB0265,Varicocelectomy,Colorectal
VDB0266,Resection of lower limb artery,Vascular
VDB0267,Incision and drainage,Vascular
VDB0268,Diagnostic procedure,Minor resection
VDB0269,Excision,Major resection
VDB0270,anterior resection,Colorectal
VDB0271,Resection of intestine,Stomach
VDB0272,Sphincterotomy,Colorectal
VDB0273,Thyroidectomy,Thyroid
